<!-- If you wish to turn off checking for a section of code, you can put a comment in the source
     before and after the section, with the following syntax: -->
<!-- // scalastyle:off -->
<!-- ... -->
<!-- // naughty stuff -->
<!-- ... -->
<!-- // scalastyle:on -->

<!-- You can also switch off checking for a specific rule by specifying the id of the rule to ignore
     IDs and such can be found here: http://www.scalastyle.org/rules-0.7.0.html -->
<!--
// scalastyle:off magic.number
var notAtAllAMagicNumber = 1234
// scalastyle:on magic.number
-->
<scalastyle commentFilter="enabled">
    <name>Scalastyle standard configuration</name>
    <check level="warning" class="org.scalastyle.file.FileTabChecker" enabled="true"></check>
    <check level="warning" class="org.scalastyle.file.FileLengthChecker" enabled="true">
     <parameters>
      <parameter name="maxFileLength">800</parameter>
     </parameters>
    </check>
    <check level="warning" class="org.scalastyle.file.HeaderMatchesChecker" enabled="true">
     <parameters>
      <parameter name="header"><![CDATA[/**
 * Copyright (c) 2015, Cloudera, Inc. All Rights Reserved.
 *
 * Cloudera, Inc. licenses this file to you under the Apache License,
 * Version 2.0 (the "License"). You may not use this file except in
 * compliance with the License. You may obtain a copy of the License at
 *
 *     http://www.apache.org/licenses/LICENSE-2.0
 *
 * This software is distributed on an "AS IS" BASIS, WITHOUT WARRANTIES OR
 * CONDITIONS OF ANY KIND, either express or implied. See the License for
 * the specific language governing permissions and limitations under the
 * License.
 */]]></parameter>
     </parameters>
    </check>
    <check level="warning" class="org.scalastyle.scalariform.SpacesAfterPlusChecker" enabled="true"></check>
    <check level="warning" class="org.scalastyle.file.WhitespaceEndOfLineChecker" enabled="true"></check>
    <check level="warning" class="org.scalastyle.scalariform.SpacesBeforePlusChecker" enabled="true"></check>
    <check level="warning" class="org.scalastyle.file.FileLineLengthChecker" enabled="true">
        <parameters>
            <parameter name="maxLineLength">100</parameter>
            <parameter name="tabSize">2</parameter>
        </parameters>
    </check>
    <check level="warning" class="org.scalastyle.scalariform.ClassNamesChecker" enabled="true">
        <parameters>
            <parameter name="regex">[A-Z][A-Za-z]*</parameter>
        </parameters>
    </check>
    <check level="warning" class="org.scalastyle.scalariform.ObjectNamesChecker" enabled="true">
        <parameters>
            <parameter name="regex">[A-Z][A-Za-z]*</parameter>
        </parameters>
    </check>
    <check level="warning" class="org.scalastyle.scalariform.PackageObjectNamesChecker" enabled="true">
        <parameters>
            <parameter name="regex">^[a-z][A-Za-z]*$</parameter>
        </parameters>
    </check>
    <check level="warning" class="org.scalastyle.scalariform.EqualsHashCodeChecker" enabled="true"></check>
    <check level="warning" class="org.scalastyle.scalariform.IllegalImportsChecker" enabled="true">
        <parameters>
            <parameter name="illegalImports">sun._,java.awt._</parameter>
        </parameters>
    </check>
    <check level="warning" class="org.scalastyle.scalariform.ParameterNumberChecker" enabled="true">
        <parameters>
            <parameter name="maxParameters">10</parameter>
        </parameters>
    </check>
    <!-- Should only affect tests
    <check level="warning" class="org.scalastyle.scalariform.MagicNumberChecker" enabled="true">
        <parameters>
            <parameter name="ignore">-1,0,1,2,3</parameter>
        </parameters>
    </check>
    -->
    <check level="warning" class="org.scalastyle.scalariform.NoWhitespaceBeforeLeftBracketChecker" enabled="true"></check>
    <check level="warning" class="org.scalastyle.scalariform.NoWhitespaceAfterLeftBracketChecker" enabled="true"></check>
    <check level="warning" class="org.scalastyle.scalariform.ReturnChecker" enabled="false"></check>
    <check level="warning" class="org.scalastyle.scalariform.NullChecker" enabled="false"></check>
    <check level="warning" class="org.scalastyle.scalariform.NoCloneChecker" enabled="true"></check>
    <check level="warning" class="org.scalastyle.scalariform.NoFinalizeChecker" enabled="true"></check>
    <check level="warning" class="org.scalastyle.scalariform.CovariantEqualsChecker" enabled="true"></check>
    <check level="warning" class="org.scalastyle.scalariform.StructuralTypeChecker" enabled="true"></check>
    <check level="warning" class="org.scalastyle.file.RegexChecker" enabled="false">
        <parameters>
            <parameter name="regex">println</parameter>
        </parameters>
    </check>
    <check level="warning" class="org.scalastyle.scalariform.NumberOfTypesChecker" enabled="true">
        <parameters>
            <parameter name="maxTypes">30</parameter>
        </parameters>
    </check>
    <check level="warning" class="org.scalastyle.scalariform.CyclomaticComplexityChecker" enabled="false">
        <parameters>
            <parameter name="maximum">10</parameter>
        </parameters>
    </check>
    <check level="warning" class="org.scalastyle.scalariform.UppercaseLChecker" enabled="true"></check>
    <check level="warning" class="org.scalastyle.scalariform.SimplifyBooleanExpressionChecker" enabled="true"></check>
    <check level="warning" class="org.scalastyle.scalariform.IfBraceChecker" enabled="true">
        <parameters>
            <parameter name="singleLineAllowed">true</parameter>
            <parameter name="doubleLineAllowed">false</parameter>
        </parameters>
    </check>
    <check level="warning" class="org.scalastyle.scalariform.MethodLengthChecker" enabled="false">
        <parameters>
            <parameter name="maxLength">50</parameter>
        </parameters>
    </check>
    <check level="warning" class="org.scalastyle.scalariform.MethodNamesChecker" enabled="true">
        <parameters>
            <parameter name="regex">^[a-z][A-Za-z0-9]*$</parameter>
        </parameters>
    </check>
    <check level="warning" class="org.scalastyle.scalariform.NumberOfMethodsInTypeChecker" enabled="false">
     <parameters>
         <parameter name="maxMethods">30</parameter>
     </parameters>
    </check>
    <check level="warning" class="org.scalastyle.scalariform.PublicMethodsHaveTypeChecker" enabled="true"></check>
    <check level="warning" class="org.scalastyle.file.NewLineAtEofChecker" enabled="true"></check>
    <check level="warning" class="org.scalastyle.file.NoNewLineAtEofChecker" enabled="false"></check>
    <check level="warning" class="org.scalastyle.scalariform.WhileChecker" enabled="false"></check>
    <check level="warning" class="org.scalastyle.scalariform.VarFieldChecker" enabled="false"></check>
    <check level="warning" class="org.scalastyle.scalariform.VarLocalChecker" enabled="false"></check>
    <check level="warning" class="org.scalastyle.scalariform.RedundantIfChecker" enabled="false"></check>
    <check level="warning" class="org.scalastyle.scalariform.TokenChecker" enabled="false">
        <parameters>
            <parameter name="regex">println</parameter>
        </parameters>
    </check>
    <check level="warning" class="org.scalastyle.scalariform.DeprecatedJavaChecker" enabled="true"></check>
    <check level="warning" class="org.scalastyle.scalariform.EmptyClassChecker" enabled="true"></check>
    <check level="warning" class="org.scalastyle.scalariform.ClassTypeParameterChecker" enabled="true">
        <parameters>
            <parameter name="regex">^[A-Z_]$</parameter>
        </parameters>
    </check>
    <!-- Wildcard imports are fine
    <check level="warning" class="org.scalastyle.scalariform.UnderscoreImportChecker" enabled="true"></check>
    -->
    <check level="warning" class="org.scalastyle.scalariform.LowercasePatternMatchChecker" enabled="true"></check>
    <check level="warning" class="org.scalastyle.scalariform.MultipleStringLiteralsChecker" enabled="false">
        <parameters>
            <parameter name="allowed">2</parameter>
            <parameter name="ignoreRegex">^""$</parameter>
        </parameters>
    </check>
    <check level="warning" class="org.scalastyle.scalariform.ImportGroupingChecker" enabled="false"></check>
</scalastyle>
