<?xml version="1.0" encoding="UTF-8"?>
<!--
  Copyright (c) 2015, Cloudera, Inc. All Rights Reserved.
  Cloudera, Inc. licenses this file to you under the Apache License,
  Version 2.0 (the "License"). You may not use this file except in
  compliance with the License. You may obtain a copy of the License at
      http://www.apache.org/licenses/LICENSE-2.0
  This software is distributed on an "AS IS" BASIS, WITHOUT WARRANTIES OR
  CONDITIONS OF ANY KIND, either express or implied. See the License for
  the specific language governing permissions and limitations under the
  License.
  -->
<project xmlns="http://maven.apache.org/DECORATION/1.4.0"
         xmlns:xsi="http://www.w3.org/2001/XMLSchema-instance"
         xsi:schemaLocation="http://maven.apache.org/DECORATION/1.4.0 http://maven.apache.org/xsd/decoration-1.4.0.xsd"
         name="${project.name}">

  <skin>
    <groupId>lt.velykis.maven.skins</groupId>
    <artifactId>reflow-maven-skin</artifactId>
    <version>1.1.1</version>
  </skin>

  <version position="none"/>
  <publishDate position="none"/>

  <custom>
    <reflowSkin>
      <toc offsetTop="800">side</toc>
      <brand>
        <name>Time Series for Spark</name>
        <href>index.html</href>
      </brand>
      <theme>bootswatch-united</theme>
      <toc>sidebar</toc>
    </reflowSkin>
  </custom>

  <body>
    <links>
      <item name="Overview" href="index.html"/>
      <item name="Docs: Users" href="docs/users.html"/>
    </links>
  </body>

</project>
